MS-DRG,DRG_CODE,MDC,TYPE,DESCRIPTION,WEIGHT
1,1,PRE,SURG,HEART TRANSPLANT OR IMPLANT OF HEART ASSIST SYSTEM W MCC,26.0295
2,2,PRE,SURG,HEART TRANSPLANT OR IMPLANT OF HEART ASSIST SYSTEM W/O MCC,13.9131
3,3,PRE,SURG,"ECMO OR TRACH W MV 96+ HRS OR PDX EXC FACE, MOUTH & NECK W MAJ O.R.",17.7369
4,4,PRE,SURG,"TRACH W MV 96+ HRS OR PDX EXC FACE, MOUTH & NECK W/O MAJ O.R.",10.8833
5,5,PRE,SURG,LIVER TRANSPLANT W MCC OR INTESTINAL TRANSPLANT,10.9894
6,6,PRE,SURG,LIVER TRANSPLANT W/O MCC,4.7178
7,7,PRE,SURG,LUNG TRANSPLANT,9.6127
8,8,PRE,SURG,SIMULTANEOUS PANCREAS/KIDNEY TRANSPLANT,5.111
10,10,PRE,SURG,PANCREAS TRANSPLANT,3.8954
11,11,PRE,SURG,"TRACHEOSTOMY FOR FACE,MOUTH & NECK DIAGNOSES W MCC",4.8434
12,12,PRE,SURG,"TRACHEOSTOMY FOR FACE,MOUTH & NECK DIAGNOSES W CC",3.1576
13,13,PRE,SURG,"TRACHEOSTOMY FOR FACE,MOUTH & NECK DIAGNOSES W/O CC/MCC",1.9566
14,14,PRE,SURG,ALLOGENEIC BONE MARROW TRANSPLANT,10.5255
16,16,PRE,SURG,AUTOLOGOUS BONE MARROW TRANSPLANT W CC/MCC,6.0932
17,17,PRE,SURG,AUTOLOGOUS BONE MARROW TRANSPLANT W/O CC/MCC,4.5817
20,20,01,SURG,INTRACRANIAL VASCULAR PROCEDURES W PDX HEMORRHAGE W MCC,9.1016
21,21,01,SURG,INTRACRANIAL VASCULAR PROCEDURES W PDX HEMORRHAGE W CC,6.64
22,22,01,SURG,INTRACRANIAL VASCULAR PROCEDURES W PDX HEMORRHAGE W/O CC/MCC,4.5056
23,23,01,SURG,CRANIO W MAJOR DEV IMPL/ACUTE COMPLEX CNS PDX W MCC OR CHEMO IMPLANT,5.2378
24,24,01,SURG,CRANIO W MAJOR DEV IMPL/ACUTE COMPLEX CNS PDX W/O MCC,3.5279
25,25,01,SURG,CRANIOTOMY & ENDOVASCULAR INTRACRANIAL PROCEDURES W MCC,4.5958
26,26,01,SURG,CRANIOTOMY & ENDOVASCULAR INTRACRANIAL PROCEDURES W CC,2.9555
27,27,01,SURG,CRANIOTOMY & ENDOVASCULAR INTRACRANIAL PROCEDURES W/O CC/MCC,2.1631
28,28,01,SURG,SPINAL PROCEDURES W MCC,5.6028
29,29,01,SURG,SPINAL PROCEDURES W CC OR SPINAL NEUROSTIMULATORS,2.9277
30,30,01,SURG,SPINAL PROCEDURES W/O CC/MCC,1.7854
31,31,01,SURG,VENTRICULAR SHUNT PROCEDURES W MCC,4.2645
32,32,01,SURG,VENTRICULAR SHUNT PROCEDURES W CC,2.0348
33,33,01,SURG,VENTRICULAR SHUNT PROCEDURES W/O CC/MCC,1.4381
34,34,01,SURG,CAROTID ARTERY STENT PROCEDURE W MCC,3.6918
35,35,01,SURG,CAROTID ARTERY STENT PROCEDURE W CC,2.1965
36,36,01,SURG,CAROTID ARTERY STENT PROCEDURE W/O CC/MCC,1.661
37,37,01,SURG,EXTRACRANIAL PROCEDURES W MCC,3.187
38,38,01,SURG,EXTRACRANIAL PROCEDURES W CC,1.5741
39,39,01,SURG,EXTRACRANIAL PROCEDURES W/O CC/MCC,1.0285
40,40,01,SURG,PERIPH/CRANIAL NERVE & OTHER NERV SYST PROC W MCC,3.868
41,41,01,SURG,PERIPH/CRANIAL NERVE & OTHER NERV SYST PROC W CC OR PERIPH NEUROSTIM,2.133
42,42,01,SURG,PERIPH/CRANIAL NERVE & OTHER NERV SYST PROC W/O CC/MCC,1.7744
52,52,01,MED,SPINAL DISORDERS & INJURIES W CC/MCC,1.4903
53,53,01,MED,SPINAL DISORDERS & INJURIES W/O CC/MCC,0.9046
54,54,01,MED,NERVOUS SYSTEM NEOPLASMS W MCC,1.3962
55,55,01,MED,NERVOUS SYSTEM NEOPLASMS W/O MCC,1.0486
56,56,01,MED,DEGENERATIVE NERVOUS SYSTEM DISORDERS W MCC,1.7194
57,57,01,MED,DEGENERATIVE NERVOUS SYSTEM DISORDERS W/O MCC,0.968
58,58,01,MED,MULTIPLE SCLEROSIS & CEREBELLAR ATAXIA W MCC,1.6472
59,59,01,MED,MULTIPLE SCLEROSIS & CEREBELLAR ATAXIA W CC,1.0088
60,60,01,MED,MULTIPLE SCLEROSIS & CEREBELLAR ATAXIA W/O CC/MCC,0.7807
61,61,01,MED,ACUTE ISCHEMIC STROKE W USE OF THROMBOLYTIC AGENT W MCC,2.8668
62,62,01,MED,ACUTE ISCHEMIC STROKE W USE OF THROMBOLYTIC AGENT W CC,1.9551
63,63,01,MED,ACUTE ISCHEMIC STROKE W USE OF THROMBOLYTIC AGENT W/O CC/MCC,1.5366
64,64,01,MED,INTRACRANIAL HEMORRHAGE OR CEREBRAL INFARCTION W MCC,1.8424
65,65,01,MED,INTRACRANIAL HEMORRHAGE OR CEREBRAL INFARCTION W CC,1.1345
66,66,01,MED,INTRACRANIAL HEMORRHAGE OR CEREBRAL INFARCTION W/O CC/MCC,0.8135
67,67,01,MED,NONSPECIFIC CVA & PRECEREBRAL OCCLUSION W/O INFARCT W MCC,1.5074
68,68,01,MED,NONSPECIFIC CVA & PRECEREBRAL OCCLUSION W/O INFARCT W/O MCC,0.8899
69,69,01,MED,TRANSIENT ISCHEMIA,0.7449
70,70,01,MED,NONSPECIFIC CEREBROVASCULAR DISORDERS W MCC,1.7056
71,71,01,MED,NONSPECIFIC CEREBROVASCULAR DISORDERS W CC,1.0174
72,72,01,MED,NONSPECIFIC CEREBROVASCULAR DISORDERS W/O CC/MCC,0.7506
73,73,01,MED,CRANIAL & PERIPHERAL NERVE DISORDERS W MCC,1.282
74,74,01,MED,CRANIAL & PERIPHERAL NERVE DISORDERS W/O MCC,0.8837
75,75,01,MED,VIRAL MENINGITIS W CC/MCC,1.7611
76,76,01,MED,VIRAL MENINGITIS W/O CC/MCC,0.8947
77,77,01,MED,HYPERTENSIVE ENCEPHALOPATHY W MCC,1.6426
78,78,01,MED,HYPERTENSIVE ENCEPHALOPATHY W CC,0.979
79,79,01,MED,HYPERTENSIVE ENCEPHALOPATHY W/O CC/MCC,0.7297
80,80,01,MED,NONTRAUMATIC STUPOR & COMA W MCC,1.2616
81,81,01,MED,NONTRAUMATIC STUPOR & COMA W/O MCC,0.7416
82,82,01,MED,"TRAUMATIC STUPOR & COMA, COMA >1 HR W MCC",1.9249
83,83,01,MED,"TRAUMATIC STUPOR & COMA, COMA >1 HR W CC",1.3458
84,84,01,MED,"TRAUMATIC STUPOR & COMA, COMA >1 HR W/O CC/MCC",0.8696
85,85,01,MED,"TRAUMATIC STUPOR & COMA, COMA <1 HR W MCC",2.0387
86,86,01,MED,"TRAUMATIC STUPOR & COMA, COMA <1 HR W CC",1.1874
87,87,01,MED,"TRAUMATIC STUPOR & COMA, COMA <1 HR W/O CC/MCC",0.7605
88,88,01,MED,CONCUSSION W MCC,1.5687
89,89,01,MED,CONCUSSION W CC,0.9791
90,90,01,MED,CONCUSSION W/O CC/MCC,0.7218
91,91,01,MED,OTHER DISORDERS OF NERVOUS SYSTEM W MCC,1.6583
92,92,01,MED,OTHER DISORDERS OF NERVOUS SYSTEM W CC,0.9214
93,93,01,MED,OTHER DISORDERS OF NERVOUS SYSTEM W/O CC/MCC,0.6938
94,94,01,MED,BACTERIAL & TUBERCULOUS INFECTIONS OF NERVOUS SYSTEM W MCC,3.5656
95,95,01,MED,BACTERIAL & TUBERCULOUS INFECTIONS OF NERVOUS SYSTEM W CC,2.4627
96,96,01,MED,BACTERIAL & TUBERCULOUS INFECTIONS OF NERVOUS SYSTEM W/O CC/MCC,2.0158
97,97,01,MED,NON-BACTERIAL INFECT OF NERVOUS SYS EXC VIRAL MENINGITIS W MCC,3.3714
98,98,01,MED,NON-BACTERIAL INFECT OF NERVOUS SYS EXC VIRAL MENINGITIS W CC,1.8418
99,99,01,MED,NON-BACTERIAL INFECT OF NERVOUS SYS EXC VIRAL MENINGITIS W/O CC/MCC,1.2427
100,100,01,MED,SEIZURES W MCC,1.557
101,101,01,MED,SEIZURES W/O MCC,0.7643
102,102,01,MED,HEADACHES W MCC,1.0209
103,103,01,MED,HEADACHES W/O MCC,0.6893
113,113,02,SURG,ORBITAL PROCEDURES W CC/MCC,1.8587
114,114,02,SURG,ORBITAL PROCEDURES W/O CC/MCC,0.9589
115,115,02,SURG,EXTRAOCULAR PROCEDURES EXCEPT ORBIT,1.2407
116,116,02,SURG,INTRAOCULAR PROCEDURES W CC/MCC,1.5022
117,117,02,SURG,INTRAOCULAR PROCEDURES W/O CC/MCC,0.7234
121,121,02,MED,ACUTE MAJOR EYE INFECTIONS W CC/MCC,0.9589
122,122,02,MED,ACUTE MAJOR EYE INFECTIONS W/O CC/MCC,0.6533
123,123,02,MED,NEUROLOGICAL EYE DISORDERS,0.7542
124,124,02,MED,OTHER DISORDERS OF THE EYE W MCC,1.1885
125,125,02,MED,OTHER DISORDERS OF THE EYE W/O MCC,0.685
129,129,03,SURG,MAJOR HEAD & NECK PROCEDURES W CC/MCC OR MAJOR DEVICE,2.15
130,130,03,SURG,MAJOR HEAD & NECK PROCEDURES W/O CC/MCC,1.2065
131,131,03,SURG,CRANIAL/FACIAL PROCEDURES W CC/MCC,2.3443
132,132,03,SURG,CRANIAL/FACIAL PROCEDURES W/O CC/MCC,1.2362
133,133,03,SURG,"OTHER EAR, NOSE, MOUTH & THROAT O.R. PROCEDURES W CC/MCC",1.7818
134,134,03,SURG,"OTHER EAR, NOSE, MOUTH & THROAT O.R. PROCEDURES W/O CC/MCC",0.9177
135,135,03,SURG,SINUS & MASTOID PROCEDURES W CC/MCC,2.0002
136,136,03,SURG,SINUS & MASTOID PROCEDURES W/O CC/MCC,1.0697
137,137,03,SURG,MOUTH PROCEDURES W CC/MCC,1.3192
138,138,03,SURG,MOUTH PROCEDURES W/O CC/MCC,0.7388
139,139,03,SURG,SALIVARY GLAND PROCEDURES,0.8922
146,146,03,MED,"EAR, NOSE, MOUTH & THROAT MALIGNANCY W MCC",2.2347
147,147,03,MED,"EAR, NOSE, MOUTH & THROAT MALIGNANCY W CC",1.2486
148,148,03,MED,"EAR, NOSE, MOUTH & THROAT MALIGNANCY W/O CC/MCC",0.7488
149,149,03,MED,DYSEQUILIBRIUM,0.6462
150,150,03,MED,EPISTAXIS W MCC,1.389
151,151,03,MED,EPISTAXIS W/O MCC,0.6458
152,152,03,MED,OTITIS MEDIA & URI W MCC,1.0166
153,153,03,MED,OTITIS MEDIA & URI W/O MCC,0.6605
154,154,03,MED,"OTHER EAR, NOSE, MOUTH & THROAT DIAGNOSES W MCC",1.4138
155,155,03,MED,"OTHER EAR, NOSE, MOUTH & THROAT DIAGNOSES W CC",0.9137
156,156,03,MED,"OTHER EAR, NOSE, MOUTH & THROAT DIAGNOSES W/O CC/MCC",0.6349
157,157,03,MED,DENTAL & ORAL DISEASES W MCC,1.601
158,158,03,MED,DENTAL & ORAL DISEASES W CC,0.8988
159,159,03,MED,DENTAL & ORAL DISEASES W/O CC/MCC,0.5969
163,163,04,SURG,MAJOR CHEST PROCEDURES W MCC,5.1193
164,164,04,SURG,MAJOR CHEST PROCEDURES W CC,2.6191
165,165,04,SURG,MAJOR CHEST PROCEDURES W/O CC/MCC,1.7922
166,166,04,SURG,OTHER RESP SYSTEM O.R. PROCEDURES W MCC,3.7513
167,167,04,SURG,OTHER RESP SYSTEM O.R. PROCEDURES W CC,2.0043
168,168,04,SURG,OTHER RESP SYSTEM O.R. PROCEDURES W/O CC/MCC,1.3153
175,175,04,MED,PULMONARY EMBOLISM W MCC,1.587
176,176,04,MED,PULMONARY EMBOLISM W/O MCC,1.0379
177,177,04,MED,RESPIRATORY INFECTIONS & INFLAMMATIONS W MCC,2.0549
178,178,04,MED,RESPIRATORY INFECTIONS & INFLAMMATIONS W CC,1.4403
179,179,04,MED,RESPIRATORY INFECTIONS & INFLAMMATIONS W/O CC/MCC,0.9799
180,180,04,MED,RESPIRATORY NEOPLASMS W MCC,1.7567
181,181,04,MED,RESPIRATORY NEOPLASMS W CC,1.2108
182,182,04,MED,RESPIRATORY NEOPLASMS W/O CC/MCC,0.8275
183,183,04,MED,MAJOR CHEST TRAUMA W MCC,1.4804
184,184,04,MED,MAJOR CHEST TRAUMA W CC,1.0171
185,185,04,MED,MAJOR CHEST TRAUMA W/O CC/MCC,0.6961
186,186,04,MED,PLEURAL EFFUSION W MCC,1.5746
187,187,04,MED,PLEURAL EFFUSION W CC,1.1169
188,188,04,MED,PLEURAL EFFUSION W/O CC/MCC,0.7544
189,189,04,MED,PULMONARY EDEMA & RESPIRATORY FAILURE,1.2461
190,190,04,MED,CHRONIC OBSTRUCTIVE PULMONARY DISEASE W MCC,1.186
191,191,04,MED,CHRONIC OBSTRUCTIVE PULMONARY DISEASE W CC,0.9521
192,192,04,MED,CHRONIC OBSTRUCTIVE PULMONARY DISEASE W/O CC/MCC,0.7072
193,193,04,MED,SIMPLE PNEUMONIA & PLEURISY W MCC,1.4893
194,194,04,MED,SIMPLE PNEUMONIA & PLEURISY W CC,0.9996
195,195,04,MED,SIMPLE PNEUMONIA & PLEURISY W/O CC/MCC,0.7078
196,196,04,MED,INTERSTITIAL LUNG DISEASE W MCC,1.682
197,197,04,MED,INTERSTITIAL LUNG DISEASE W CC,1.1209
198,198,04,MED,INTERSTITIAL LUNG DISEASE W/O CC/MCC,0.7879
199,199,04,MED,PNEUMOTHORAX W MCC,1.8915
200,200,04,MED,PNEUMOTHORAX W CC,1.0242
201,201,04,MED,PNEUMOTHORAX W/O CC/MCC,0.6792
202,202,04,MED,BRONCHITIS & ASTHMA W CC/MCC,0.8704
203,203,04,MED,BRONCHITIS & ASTHMA W/O CC/MCC,0.6228
204,204,04,MED,RESPIRATORY SIGNS & SYMPTOMS,0.6822
205,205,04,MED,OTHER RESPIRATORY SYSTEM DIAGNOSES W MCC,1.3809
206,206,04,MED,OTHER RESPIRATORY SYSTEM DIAGNOSES W/O MCC,0.7763
207,207,04,MED,RESPIRATORY SYSTEM DIAGNOSIS W VENTILATOR SUPPORT 96+ HOURS,5.3619
208,208,04,MED,RESPIRATORY SYSTEM DIAGNOSIS W VENTILATOR SUPPORT <96 HOURS,2.2899
215,215,05,SURG,OTHER HEART ASSIST SYSTEM IMPLANT,14.1036
216,216,05,SURG,CARDIAC VALVE & OTH MAJ CARDIOTHORACIC PROC W CARD CATH W MCC,9.519
217,217,05,SURG,CARDIAC VALVE & OTH MAJ CARDIOTHORACIC PROC W CARD CATH W CC,6.3495
218,218,05,SURG,CARDIAC VALVE & OTH MAJ CARDIOTHORACIC PROC W CARD CATH W/O CC/MCC,5.3429
219,219,05,SURG,CARDIAC VALVE & OTH MAJ CARDIOTHORACIC PROC W/O CARD CATH W MCC,7.839
220,220,05,SURG,CARDIAC VALVE & OTH MAJ CARDIOTHORACIC PROC W/O CARD CATH W CC,5.2438
221,221,05,SURG,CARDIAC VALVE & OTH MAJ CARDIOTHORACIC PROC W/O CARD CATH W/O CC/MCC,4.4232
222,222,05,SURG,CARDIAC DEFIB IMPLANT W CARDIAC CATH W AMI/HF/SHOCK W MCC,8.5506
223,223,05,SURG,CARDIAC DEFIB IMPLANT W CARDIAC CATH W AMI/HF/SHOCK W/O MCC,6.1065
224,224,05,SURG,CARDIAC DEFIB IMPLANT W CARDIAC CATH W/O AMI/HF/SHOCK W MCC,7.6758
225,225,05,SURG,CARDIAC DEFIB IMPLANT W CARDIAC CATH W/O AMI/HF/SHOCK W/O MCC,5.7605
226,226,05,SURG,CARDIAC DEFIBRILLATOR IMPLANT W/O CARDIAC CATH W MCC,6.7354
227,227,05,SURG,CARDIAC DEFIBRILLATOR IMPLANT W/O CARDIAC CATH W/O MCC,5.1886
228,228,05,SURG,OTHER CARDIOTHORACIC PROCEDURES W MCC,7.0815
229,229,05,SURG,OTHER CARDIOTHORACIC PROCEDURES W CC,4.6279
230,230,05,SURG,OTHER CARDIOTHORACIC PROCEDURES W/O CC/MCC,3.8111
231,231,05,SURG,CORONARY BYPASS W PTCA W MCC,7.5297
232,232,05,SURG,CORONARY BYPASS W PTCA W/O MCC,5.7151
233,233,05,SURG,CORONARY BYPASS W CARDIAC CATH W MCC,7.2292
234,234,05,SURG,CORONARY BYPASS W CARDIAC CATH W/O MCC,4.8413
235,235,05,SURG,CORONARY BYPASS W/O CARDIAC CATH W MCC,5.8014
236,236,05,SURG,CORONARY BYPASS W/O CARDIAC CATH W/O MCC,3.7777
237,237,05,SURG,MAJOR CARDIOVASC PROCEDURES W MCC,5.117
238,238,05,SURG,MAJOR CARDIOVASC PROCEDURES W/O MCC,3.1863
239,239,05,SURG,AMPUTATION FOR CIRC SYS DISORDERS EXC UPPER LIMB & TOE W MCC,4.6194
240,240,05,SURG,AMPUTATION FOR CIRC SYS DISORDERS EXC UPPER LIMB & TOE W CC,2.6531
241,241,05,SURG,AMPUTATION FOR CIRC SYS DISORDERS EXC UPPER LIMB & TOE W/O CC/MCC,1.4825
242,242,05,SURG,PERMANENT CARDIAC PACEMAKER IMPLANT W MCC,3.7314
243,243,05,SURG,PERMANENT CARDIAC PACEMAKER IMPLANT W CC,2.6204
244,244,05,SURG,PERMANENT CARDIAC PACEMAKER IMPLANT W/O CC/MCC,2.0624
245,245,05,SURG,AICD GENERATOR PROCEDURES,4.254
246,246,05,SURG,PERC CARDIOVASC PROC W DRUG-ELUTING STENT W MCC OR 4+ VESSELS/STENTS,3.1566
247,247,05,SURG,PERC CARDIOVASC PROC W DRUG-ELUTING STENT W/O MCC,1.9911
248,248,05,SURG,PERC CARDIOVASC PROC W NON-DRUG-ELUTING STENT W MCC OR 4+ VES/STENTS,3.0003
249,249,05,SURG,PERC CARDIOVASC PROC W NON-DRUG-ELUTING STENT W/O MCC,1.7961
250,250,05,SURG,PERC CARDIOVASC PROC W/O CORONARY ARTERY STENT W MCC,2.9988
251,251,05,SURG,PERC CARDIOVASC PROC W/O CORONARY ARTERY STENT W/O MCC,1.9237
252,252,05,SURG,OTHER VASCULAR PROCEDURES W MCC,3.0224
253,253,05,SURG,OTHER VASCULAR PROCEDURES W CC,2.4739
254,254,05,SURG,OTHER VASCULAR PROCEDURES W/O CC/MCC,1.6609
255,255,05,SURG,UPPER LIMB & TOE AMPUTATION FOR CIRC SYSTEM DISORDERS W MCC,2.4381
256,256,05,SURG,UPPER LIMB & TOE AMPUTATION FOR CIRC SYSTEM DISORDERS W CC,1.5934
257,257,05,SURG,UPPER LIMB & TOE AMPUTATION FOR CIRC SYSTEM DISORDERS W/O CC/MCC,0.9535
258,258,05,SURG,CARDIAC PACEMAKER DEVICE REPLACEMENT W MCC,2.6945
259,259,05,SURG,CARDIAC PACEMAKER DEVICE REPLACEMENT W/O MCC,1.859
260,260,05,SURG,CARDIAC PACEMAKER REVISION EXCEPT DEVICE REPLACEMENT W MCC,3.6624
261,261,05,SURG,CARDIAC PACEMAKER REVISION EXCEPT DEVICE REPLACEMENT W CC,1.6769
262,262,05,SURG,CARDIAC PACEMAKER REVISION EXCEPT DEVICE REPLACEMENT W/O CC/MCC,1.2343
263,263,05,SURG,VEIN LIGATION & STRIPPING,1.9091
264,264,05,SURG,OTHER CIRCULATORY SYSTEM O.R. PROCEDURES,2.6674
265,265,05,SURG,AICD LEAD PROCEDURES,2.4394
280,280,05,MED,"ACUTE MYOCARDIAL INFARCTION, DISCHARGED ALIVE W MCC",1.7999
281,281,05,MED,"ACUTE MYOCARDIAL INFARCTION, DISCHARGED ALIVE W CC",1.0961
282,282,05,MED,"ACUTE MYOCARDIAL INFARCTION, DISCHARGED ALIVE W/O CC/MCC",0.7736
283,283,05,MED,"ACUTE MYOCARDIAL INFARCTION, EXPIRED W MCC",1.7539
284,284,05,MED,"ACUTE MYOCARDIAL INFARCTION, EXPIRED W CC",0.8042
285,285,05,MED,"ACUTE MYOCARDIAL INFARCTION, EXPIRED W/O CC/MCC",0.5353
286,286,05,MED,"CIRCULATORY DISORDERS EXCEPT AMI, W CARD CATH W MCC",2.0617
287,287,05,MED,"CIRCULATORY DISORDERS EXCEPT AMI, W CARD CATH W/O MCC",1.0709
288,288,05,MED,ACUTE & SUBACUTE ENDOCARDITIS W MCC,2.8229
289,289,05,MED,ACUTE & SUBACUTE ENDOCARDITIS W CC,1.8145
290,290,05,MED,ACUTE & SUBACUTE ENDOCARDITIS W/O CC/MCC,1.2092
291,291,05,MED,HEART FAILURE & SHOCK W MCC,1.5174
292,292,05,MED,HEART FAILURE & SHOCK W CC,1.0034
293,293,05,MED,HEART FAILURE & SHOCK W/O CC/MCC,0.6751
294,294,05,MED,DEEP VEIN THROMBOPHLEBITIS W CC/MCC,1.0229
295,295,05,MED,DEEP VEIN THROMBOPHLEBITIS W/O CC/MCC,0.6476
296,296,05,MED,"CARDIAC ARREST, UNEXPLAINED W MCC",1.2878
297,297,05,MED,"CARDIAC ARREST, UNEXPLAINED W CC",0.6455
298,298,05,MED,"CARDIAC ARREST, UNEXPLAINED W/O CC/MCC",0.4571
299,299,05,MED,PERIPHERAL VASCULAR DISORDERS W MCC,1.4186
300,300,05,MED,PERIPHERAL VASCULAR DISORDERS W CC,0.9679
301,301,05,MED,PERIPHERAL VASCULAR DISORDERS W/O CC/MCC,0.6679
302,302,05,MED,ATHEROSCLEROSIS W MCC,1.0142
303,303,05,MED,ATHEROSCLEROSIS W/O MCC,0.5773
304,304,05,MED,HYPERTENSION W MCC,1.0503
305,305,05,MED,HYPERTENSION W/O MCC,0.6187
306,306,05,MED,CARDIAC CONGENITAL & VALVULAR DISORDERS W MCC,1.3122
307,307,05,MED,CARDIAC CONGENITAL & VALVULAR DISORDERS W/O MCC,0.784
308,308,05,MED,CARDIAC ARRHYTHMIA & CONDUCTION DISORDERS W MCC,1.2285
309,309,05,MED,CARDIAC ARRHYTHMIA & CONDUCTION DISORDERS W CC,0.8098
310,310,05,MED,CARDIAC ARRHYTHMIA & CONDUCTION DISORDERS W/O CC/MCC,0.5541
311,311,05,MED,ANGINA PECTORIS,0.5207
312,312,05,MED,SYNCOPE & COLLAPSE,0.7339
313,313,05,MED,CHEST PAIN,0.5617
314,314,05,MED,OTHER CIRCULATORY SYSTEM DIAGNOSES W MCC,1.8508
315,315,05,MED,OTHER CIRCULATORY SYSTEM DIAGNOSES W CC,0.9527
316,316,05,MED,OTHER CIRCULATORY SYSTEM DIAGNOSES W/O CC/MCC,0.6224
326,326,06,SURG,"STOMACH, ESOPHAGEAL & DUODENAL PROC W MCC",5.6118
327,327,06,SURG,"STOMACH, ESOPHAGEAL & DUODENAL PROC W CC",2.6811
328,328,06,SURG,"STOMACH, ESOPHAGEAL & DUODENAL PROC W/O CC/MCC",1.4413
329,329,06,SURG,MAJOR SMALL & LARGE BOWEL PROCEDURES W MCC,5.2599
330,330,06,SURG,MAJOR SMALL & LARGE BOWEL PROCEDURES W CC,2.5731
331,331,06,SURG,MAJOR SMALL & LARGE BOWEL PROCEDURES W/O CC/MCC,1.6361
332,332,06,SURG,RECTAL RESECTION W MCC,4.6143
333,333,06,SURG,RECTAL RESECTION W CC,2.4814
334,334,06,SURG,RECTAL RESECTION W/O CC/MCC,1.6181
335,335,06,SURG,PERITONEAL ADHESIOLYSIS W MCC,4.3146
336,336,06,SURG,PERITONEAL ADHESIOLYSIS W CC,2.3529
337,337,06,SURG,PERITONEAL ADHESIOLYSIS W/O CC/MCC,1.5538
338,338,06,SURG,APPENDECTOMY W COMPLICATED PRINCIPAL DIAG W MCC,3.2008
339,339,06,SURG,APPENDECTOMY W COMPLICATED PRINCIPAL DIAG W CC,1.8675
340,340,06,SURG,APPENDECTOMY W COMPLICATED PRINCIPAL DIAG W/O CC/MCC,1.2024
341,341,06,SURG,APPENDECTOMY W/O COMPLICATED PRINCIPAL DIAG W MCC,2.3116
342,342,06,SURG,APPENDECTOMY W/O COMPLICATED PRINCIPAL DIAG W CC,1.3516
343,343,06,SURG,APPENDECTOMY W/O COMPLICATED PRINCIPAL DIAG W/O CC/MCC,0.9547
344,344,06,SURG,MINOR SMALL & LARGE BOWEL PROCEDURES W MCC,3.4094
345,345,06,SURG,MINOR SMALL & LARGE BOWEL PROCEDURES W CC,1.7123
346,346,06,SURG,MINOR SMALL & LARGE BOWEL PROCEDURES W/O CC/MCC,1.1608
347,347,06,SURG,ANAL & STOMAL PROCEDURES W MCC,2.5169
348,348,06,SURG,ANAL & STOMAL PROCEDURES W CC,1.39
349,349,06,SURG,ANAL & STOMAL PROCEDURES W/O CC/MCC,0.8343
350,350,06,SURG,INGUINAL & FEMORAL HERNIA PROCEDURES W MCC,2.5082
351,351,06,SURG,INGUINAL & FEMORAL HERNIA PROCEDURES W CC,1.3755
352,352,06,SURG,INGUINAL & FEMORAL HERNIA PROCEDURES W/O CC/MCC,0.9043
353,353,06,SURG,HERNIA PROCEDURES EXCEPT INGUINAL & FEMORAL W MCC,2.8192
354,354,06,SURG,HERNIA PROCEDURES EXCEPT INGUINAL & FEMORAL W CC,1.5976
355,355,06,SURG,HERNIA PROCEDURES EXCEPT INGUINAL & FEMORAL W/O CC/MCC,1.1172
356,356,06,SURG,OTHER DIGESTIVE SYSTEM O.R. PROCEDURES W MCC,3.9463
357,357,06,SURG,OTHER DIGESTIVE SYSTEM O.R. PROCEDURES W CC,2.1747
358,358,06,SURG,OTHER DIGESTIVE SYSTEM O.R. PROCEDURES W/O CC/MCC,1.3629
368,368,06,MED,MAJOR ESOPHAGEAL DISORDERS W MCC,1.8327
369,369,06,MED,MAJOR ESOPHAGEAL DISORDERS W CC,1.0664
370,370,06,MED,MAJOR ESOPHAGEAL DISORDERS W/O CC/MCC,0.7593
371,371,06,MED,MAJOR GASTROINTESTINAL DISORDERS & PERITONEAL INFECTIONS W MCC,2.02
372,372,06,MED,MAJOR GASTROINTESTINAL DISORDERS & PERITONEAL INFECTIONS W CC,1.2275
373,373,06,MED,MAJOR GASTROINTESTINAL DISORDERS & PERITONEAL INFECTIONS W/O CC/MCC,0.8401
374,374,06,MED,DIGESTIVE MALIGNANCY W MCC,2.1284
375,375,06,MED,DIGESTIVE MALIGNANCY W CC,1.2738
376,376,06,MED,DIGESTIVE MALIGNANCY W/O CC/MCC,0.8809
377,377,06,MED,G.I. HEMORRHAGE W MCC,1.7817
378,378,06,MED,G.I. HEMORRHAGE W CC,1.0168
379,379,06,MED,G.I. HEMORRHAGE W/O CC/MCC,0.7015
380,380,06,MED,COMPLICATED PEPTIC ULCER W MCC,1.9311
381,381,06,MED,COMPLICATED PEPTIC ULCER W CC,1.113
382,382,06,MED,COMPLICATED PEPTIC ULCER W/O CC/MCC,0.7917
383,383,06,MED,UNCOMPLICATED PEPTIC ULCER W MCC,1.3384
384,384,06,MED,UNCOMPLICATED PEPTIC ULCER W/O MCC,0.8365
385,385,06,MED,INFLAMMATORY BOWEL DISEASE W MCC,1.9078
386,386,06,MED,INFLAMMATORY BOWEL DISEASE W CC,1.0505
387,387,06,MED,INFLAMMATORY BOWEL DISEASE W/O CC/MCC,0.7878
388,388,06,MED,G.I. OBSTRUCTION W MCC,1.6564
389,389,06,MED,G.I. OBSTRUCTION W CC,0.9217
390,390,06,MED,G.I. OBSTRUCTION W/O CC/MCC,0.6372
391,391,06,MED,"ESOPHAGITIS, GASTROENT & MISC DIGEST DISORDERS W MCC",1.1897
392,392,06,MED,"ESOPHAGITIS, GASTROENT & MISC DIGEST DISORDERS W/O MCC",0.7375
393,393,06,MED,OTHER DIGESTIVE SYSTEM DIAGNOSES W MCC,1.6666
394,394,06,MED,OTHER DIGESTIVE SYSTEM DIAGNOSES W CC,0.9837
395,395,06,MED,OTHER DIGESTIVE SYSTEM DIAGNOSES W/O CC/MCC,0.6791
405,405,07,SURG,"PANCREAS, LIVER & SHUNT PROCEDURES W MCC",5.5575
406,406,07,SURG,"PANCREAS, LIVER & SHUNT PROCEDURES W CC",2.7303
407,407,07,SURG,"PANCREAS, LIVER & SHUNT PROCEDURES W/O CC/MCC",1.828
408,408,07,SURG,BILIARY TRACT PROC EXCEPT ONLY CHOLECYST W OR W/O C.D.E. W MCC,3.8375
409,409,07,SURG,BILIARY TRACT PROC EXCEPT ONLY CHOLECYST W OR W/O C.D.E. W CC,2.268
410,410,07,SURG,BILIARY TRACT PROC EXCEPT ONLY CHOLECYST W OR W/O C.D.E. W/O CC/MCC,1.6875
411,411,07,SURG,CHOLECYSTECTOMY W C.D.E. W MCC,3.804
412,412,07,SURG,CHOLECYSTECTOMY W C.D.E. W CC,2.5989
413,413,07,SURG,CHOLECYSTECTOMY W C.D.E. W/O CC/MCC,1.8582
414,414,07,SURG,CHOLECYSTECTOMY EXCEPT BY LAPAROSCOPE W/O C.D.E. W MCC,3.5643
415,415,07,SURG,CHOLECYSTECTOMY EXCEPT BY LAPAROSCOPE W/O C.D.E. W CC,2.0728
416,416,07,SURG,CHOLECYSTECTOMY EXCEPT BY LAPAROSCOPE W/O C.D.E. W/O CC/MCC,1.3354
417,417,07,SURG,LAPAROSCOPIC CHOLECYSTECTOMY W/O C.D.E. W MCC,2.5189
418,418,07,SURG,LAPAROSCOPIC CHOLECYSTECTOMY W/O C.D.E. W CC,1.7007
419,419,07,SURG,LAPAROSCOPIC CHOLECYSTECTOMY W/O C.D.E. W/O CC/MCC,1.205
420,420,07,SURG,HEPATOBILIARY DIAGNOSTIC PROCEDURES W MCC,3.8509
421,421,07,SURG,HEPATOBILIARY DIAGNOSTIC PROCEDURES W CC,1.7381
422,422,07,SURG,HEPATOBILIARY DIAGNOSTIC PROCEDURES W/O CC/MCC,1.3006
423,423,07,SURG,OTHER HEPATOBILIARY OR PANCREAS O.R. PROCEDURES W MCC,4.3308
424,424,07,SURG,OTHER HEPATOBILIARY OR PANCREAS O.R. PROCEDURES W CC,2.4081
425,425,07,SURG,OTHER HEPATOBILIARY OR PANCREAS O.R. PROCEDURES W/O CC/MCC,1.5756
432,432,07,MED,CIRRHOSIS & ALCOHOLIC HEPATITIS W MCC,1.6792
433,433,07,MED,CIRRHOSIS & ALCOHOLIC HEPATITIS W CC,0.9316
434,434,07,MED,CIRRHOSIS & ALCOHOLIC HEPATITIS W/O CC/MCC,0.6343
435,435,07,MED,MALIGNANCY OF HEPATOBILIARY SYSTEM OR PANCREAS W MCC,1.7816
436,436,07,MED,MALIGNANCY OF HEPATOBILIARY SYSTEM OR PANCREAS W CC,1.1934
437,437,07,MED,MALIGNANCY OF HEPATOBILIARY SYSTEM OR PANCREAS W/O CC/MCC,0.9537
438,438,07,MED,DISORDERS OF PANCREAS EXCEPT MALIGNANCY W MCC,1.7844
439,439,07,MED,DISORDERS OF PANCREAS EXCEPT MALIGNANCY W CC,0.9603
440,440,07,MED,DISORDERS OF PANCREAS EXCEPT MALIGNANCY W/O CC/MCC,0.679
441,441,07,MED,"DISORDERS OF LIVER EXCEPT MALIG,CIRR,ALC HEPA W MCC",1.8767
442,442,07,MED,"DISORDERS OF LIVER EXCEPT MALIG,CIRR,ALC HEPA W CC",0.9545
443,443,07,MED,"DISORDERS OF LIVER EXCEPT MALIG,CIRR,ALC HEPA W/O CC/MCC",0.6473
444,444,07,MED,DISORDERS OF THE BILIARY TRACT W MCC,1.6039
445,445,07,MED,DISORDERS OF THE BILIARY TRACT W CC,1.072
446,446,07,MED,DISORDERS OF THE BILIARY TRACT W/O CC/MCC,0.7583
453,453,08,SURG,COMBINED ANTERIOR/POSTERIOR SPINAL FUSION W MCC,10.5952
454,454,08,SURG,COMBINED ANTERIOR/POSTERIOR SPINAL FUSION W CC,7.7979
455,455,08,SURG,COMBINED ANTERIOR/POSTERIOR SPINAL FUSION W/O CC/MCC,5.8705
456,456,08,SURG,SPINAL FUS EXC CERV W SPINAL CURV/MALIG/INFEC OR 9+ FUS W MCC,9.5204
457,457,08,SURG,SPINAL FUS EXC CERV W SPINAL CURV/MALIG/INFEC OR 9+ FUS W CC,6.4171
458,458,08,SURG,SPINAL FUS EXC CERV W SPINAL CURV/MALIG/INFEC OR 9+ FUS W/O CC/MCC,4.9491
459,459,08,SURG,SPINAL FUSION EXCEPT CERVICAL W MCC,6.539
460,460,08,SURG,SPINAL FUSION EXCEPT CERVICAL W/O MCC,3.8783
461,461,08,SURG,BILATERAL OR MULTIPLE MAJOR JOINT PROCS OF LOWER EXTREMITY W MCC,4.9062
462,462,08,SURG,BILATERAL OR MULTIPLE MAJOR JOINT PROCS OF LOWER EXTREMITY W/O MCC,3.3745
463,463,08,SURG,"WND DEBRID & SKN GRFT EXC HAND, FOR MUSCULO-CONN TISS DIS W MCC",5.4443
464,464,08,SURG,"WND DEBRID & SKN GRFT EXC HAND, FOR MUSCULO-CONN TISS DIS W CC",2.9406
465,465,08,SURG,"WND DEBRID & SKN GRFT EXC HAND, FOR MUSCULO-CONN TISS DIS W/O CC/MCC",1.8802
466,466,08,SURG,REVISION OF HIP OR KNEE REPLACEMENT W MCC,5.0078
467,467,08,SURG,REVISION OF HIP OR KNEE REPLACEMENT W CC,3.2516
468,468,08,SURG,REVISION OF HIP OR KNEE REPLACEMENT W/O CC/MCC,2.607
469,469,08,SURG,MAJOR JOINT REPLACEMENT OR REATTACHMENT OF LOWER EXTREMITY W MCC,3.4196
470,470,08,SURG,MAJOR JOINT REPLACEMENT OR REATTACHMENT OF LOWER EXTREMITY W/O MCC,2.0953
471,471,08,SURG,CERVICAL SPINAL FUSION W MCC,4.7075
472,472,08,SURG,CERVICAL SPINAL FUSION W CC,2.8041
473,473,08,SURG,CERVICAL SPINAL FUSION W/O CC/MCC,2.1254
474,474,08,SURG,AMPUTATION FOR MUSCULOSKELETAL SYS & CONN TISSUE DIS W MCC,3.5676
475,475,08,SURG,AMPUTATION FOR MUSCULOSKELETAL SYS & CONN TISSUE DIS W CC,2.0071
476,476,08,SURG,AMPUTATION FOR MUSCULOSKELETAL SYS & CONN TISSUE DIS W/O CC/MCC,1.0171
477,477,08,SURG,BIOPSIES OF MUSCULOSKELETAL SYSTEM & CONNECTIVE TISSUE W MCC,3.2681
478,478,08,SURG,BIOPSIES OF MUSCULOSKELETAL SYSTEM & CONNECTIVE TISSUE W CC,2.2663
479,479,08,SURG,BIOPSIES OF MUSCULOSKELETAL SYSTEM & CONNECTIVE TISSUE W/O CC/MCC,1.6922
480,480,08,SURG,HIP & FEMUR PROCEDURES EXCEPT MAJOR JOINT W MCC,3.0367
481,481,08,SURG,HIP & FEMUR PROCEDURES EXCEPT MAJOR JOINT W CC,1.9345
482,482,08,SURG,HIP & FEMUR PROCEDURES EXCEPT MAJOR JOINT W/O CC/MCC,1.566
483,483,08,SURG,MAJOR JOINT & LIMB REATTACHMENT PROC OF UPPER EXTREMITY W CC/MCC,2.5314
484,484,08,SURG,MAJOR JOINT & LIMB REATTACHMENT PROC OF UPPER EXTREMITY W/O CC/MCC,2.095
485,485,08,SURG,KNEE PROCEDURES W PDX OF INFECTION W MCC,3.0583
486,486,08,SURG,KNEE PROCEDURES W PDX OF INFECTION W CC,2.0808
487,487,08,SURG,KNEE PROCEDURES W PDX OF INFECTION W/O CC/MCC,1.4863
488,488,08,SURG,KNEE PROCEDURES W/O PDX OF INFECTION W CC/MCC,1.6865
489,489,08,SURG,KNEE PROCEDURES W/O PDX OF INFECTION W/O CC/MCC,1.2486
490,490,08,SURG,BACK & NECK PROC EXC SPINAL FUSION W CC/MCC OR DISC DEVICE/NEUROSTIM,1.8154
491,491,08,SURG,BACK & NECK PROC EXC SPINAL FUSION W/O CC/MCC,1.0354
492,492,08,SURG,"LOWER EXTREM & HUMER PROC EXCEPT HIP,FOOT,FEMUR W MCC",3.1039
493,493,08,SURG,"LOWER EXTREM & HUMER PROC EXCEPT HIP,FOOT,FEMUR W CC",1.931
494,494,08,SURG,"LOWER EXTREM & HUMER PROC EXCEPT HIP,FOOT,FEMUR W/O CC/MCC",1.3938
495,495,08,SURG,LOCAL EXCISION & REMOVAL INT FIX DEVICES EXC HIP & FEMUR W MCC,2.9977
496,496,08,SURG,LOCAL EXCISION & REMOVAL INT FIX DEVICES EXC HIP & FEMUR W CC,1.6306
497,497,08,SURG,LOCAL EXCISION & REMOVAL INT FIX DEVICES EXC HIP & FEMUR W/O CC/MCC,1.1202
498,498,08,SURG,LOCAL EXCISION & REMOVAL INT FIX DEVICES OF HIP & FEMUR W CC/MCC,2.1304
499,499,08,SURG,LOCAL EXCISION & REMOVAL INT FIX DEVICES OF HIP & FEMUR W/O CC/MCC,1.0106
500,500,08,SURG,SOFT TISSUE PROCEDURES W MCC,3.1368
501,501,08,SURG,SOFT TISSUE PROCEDURES W CC,1.594
502,502,08,SURG,SOFT TISSUE PROCEDURES W/O CC/MCC,1.067
503,503,08,SURG,FOOT PROCEDURES W MCC,2.3006
504,504,08,SURG,FOOT PROCEDURES W CC,1.5641
505,505,08,SURG,FOOT PROCEDURES W/O CC/MCC,1.1478
506,506,08,SURG,MAJOR THUMB OR JOINT PROCEDURES,1.3003
507,507,08,SURG,MAJOR SHOULDER OR ELBOW JOINT PROCEDURES W CC/MCC,1.8689
508,508,08,SURG,MAJOR SHOULDER OR ELBOW JOINT PROCEDURES W/O CC/MCC,1.2071
509,509,08,SURG,ARTHROSCOPY,1.3494
510,510,08,SURG,"SHOULDER,ELBOW OR FOREARM PROC,EXC MAJOR JOINT PROC W MCC",2.2963
511,511,08,SURG,"SHOULDER,ELBOW OR FOREARM PROC,EXC MAJOR JOINT PROC W CC",1.5222
512,512,08,SURG,"SHOULDER,ELBOW OR FOREARM PROC,EXC MAJOR JOINT PROC W/O CC/MCC",1.1201
513,513,08,SURG,"HAND OR WRIST PROC, EXCEPT MAJOR THUMB OR JOINT PROC W CC/MCC",1.3409
514,514,08,SURG,"HAND OR WRIST PROC, EXCEPT MAJOR THUMB OR JOINT PROC W/O CC/MCC",0.8655
515,515,08,SURG,OTHER MUSCULOSKELET SYS & CONN TISS O.R. PROC W MCC,3.2831
516,516,08,SURG,OTHER MUSCULOSKELET SYS & CONN TISS O.R. PROC W CC,1.9744
517,517,08,SURG,OTHER MUSCULOSKELET SYS & CONN TISS O.R. PROC W/O CC/MCC,1.5767
533,533,08,MED,FRACTURES OF FEMUR W MCC,1.4725
534,534,08,MED,FRACTURES OF FEMUR W/O MCC,0.7366
535,535,08,MED,FRACTURES OF HIP & PELVIS W MCC,1.279
536,536,08,MED,FRACTURES OF HIP & PELVIS W/O MCC,0.7146
537,537,08,MED,"SPRAINS, STRAINS, & DISLOCATIONS OF HIP, PELVIS & THIGH W CC/MCC",0.8638
538,538,08,MED,"SPRAINS, STRAINS, & DISLOCATIONS OF HIP, PELVIS & THIGH W/O CC/MCC",0.6405
539,539,08,MED,OSTEOMYELITIS W MCC,1.9982
540,540,08,MED,OSTEOMYELITIS W CC,1.2692
541,541,08,MED,OSTEOMYELITIS W/O CC/MCC,0.977
542,542,08,MED,PATHOLOGICAL FRACTURES & MUSCULOSKELET & CONN TISS MALIG W MCC,2.0293
543,543,08,MED,PATHOLOGICAL FRACTURES & MUSCULOSKELET & CONN TISS MALIG W CC,1.1749
544,544,08,MED,PATHOLOGICAL FRACTURES & MUSCULOSKELET & CONN TISS MALIG W/O CC/MCC,0.8012
545,545,08,MED,CONNECTIVE TISSUE DISORDERS W MCC,2.4785
546,546,08,MED,CONNECTIVE TISSUE DISORDERS W CC,1.1767
547,547,08,MED,CONNECTIVE TISSUE DISORDERS W/O CC/MCC,0.7581
548,548,08,MED,SEPTIC ARTHRITIS W MCC,1.7465
549,549,08,MED,SEPTIC ARTHRITIS W CC,1.1683
550,550,08,MED,SEPTIC ARTHRITIS W/O CC/MCC,0.7723
551,551,08,MED,MEDICAL BACK PROBLEMS W MCC,1.6345
552,552,08,MED,MEDICAL BACK PROBLEMS W/O MCC,0.8533
553,553,08,MED,BONE DISEASES & ARTHROPATHIES W MCC,1.2087
554,554,08,MED,BONE DISEASES & ARTHROPATHIES W/O MCC,0.6916
555,555,08,MED,SIGNS & SYMPTOMS OF MUSCULOSKELETAL SYSTEM & CONN TISSUE W MCC,1.2348
556,556,08,MED,SIGNS & SYMPTOMS OF MUSCULOSKELETAL SYSTEM & CONN TISSUE W/O MCC,0.7039
557,557,08,MED,"TENDONITIS, MYOSITIS & BURSITIS W MCC",1.5613
558,558,08,MED,"TENDONITIS, MYOSITIS & BURSITIS W/O MCC",0.8594
559,559,08,MED,"AFTERCARE, MUSCULOSKELETAL SYSTEM & CONNECTIVE TISSUE W MCC",1.8741
560,560,08,MED,"AFTERCARE, MUSCULOSKELETAL SYSTEM & CONNECTIVE TISSUE W CC",1.03
561,561,08,MED,"AFTERCARE, MUSCULOSKELETAL SYSTEM & CONNECTIVE TISSUE W/O CC/MCC",0.6115
562,562,08,MED,"FX, SPRN, STRN & DISL EXCEPT FEMUR, HIP, PELVIS & THIGH W MCC",1.3989
563,563,08,MED,"FX, SPRN, STRN & DISL EXCEPT FEMUR, HIP, PELVIS & THIGH W/O MCC",0.7463
564,564,08,MED,OTHER MUSCULOSKELETAL SYS & CONNECTIVE TISSUE DIAGNOSES W MCC,1.4459
565,565,08,MED,OTHER MUSCULOSKELETAL SYS & CONNECTIVE TISSUE DIAGNOSES W CC,0.9386
566,566,08,MED,OTHER MUSCULOSKELETAL SYS & CONNECTIVE TISSUE DIAGNOSES W/O CC/MCC,0.6786
570,570,09,SURG,SKIN DEBRIDEMENT W MCC,2.4688
571,571,09,SURG,SKIN DEBRIDEMENT W CC,1.4969
572,572,09,SURG,SKIN DEBRIDEMENT W/O CC/MCC,1.0036
573,573,09,SURG,SKIN GRAFT FOR SKIN ULCER OR CELLULITIS W MCC,3.5637
574,574,09,SURG,SKIN GRAFT FOR SKIN ULCER OR CELLULITIS W CC,2.4469
575,575,09,SURG,SKIN GRAFT FOR SKIN ULCER OR CELLULITIS W/O CC/MCC,1.3266
576,576,09,SURG,SKIN GRAFT EXC FOR SKIN ULCER OR CELLULITIS W MCC,4.2457
577,577,09,SURG,SKIN GRAFT EXC FOR SKIN ULCER OR CELLULITIS W CC,1.8963
578,578,09,SURG,SKIN GRAFT EXC FOR SKIN ULCER OR CELLULITIS W/O CC/MCC,1.1312
579,579,09,SURG,"OTHER SKIN, SUBCUT TISS & BREAST PROC W MCC",2.7186
580,580,09,SURG,"OTHER SKIN, SUBCUT TISS & BREAST PROC W CC",1.4875
581,581,09,SURG,"OTHER SKIN, SUBCUT TISS & BREAST PROC W/O CC/MCC",0.9916
582,582,09,SURG,MASTECTOMY FOR MALIGNANCY W CC/MCC,1.1283
583,583,09,SURG,MASTECTOMY FOR MALIGNANCY W/O CC/MCC,0.8992
584,584,09,SURG,"BREAST BIOPSY, LOCAL EXCISION & OTHER BREAST PROCEDURES W CC/MCC",1.655
585,585,09,SURG,"BREAST BIOPSY, LOCAL EXCISION & OTHER BREAST PROCEDURES W/O CC/MCC",1.1381
592,592,09,MED,SKIN ULCERS W MCC,1.4632
593,593,09,MED,SKIN ULCERS W CC,0.9912
594,594,09,MED,SKIN ULCERS W/O CC/MCC,0.6782
595,595,09,MED,MAJOR SKIN DISORDERS W MCC,1.8803
596,596,09,MED,MAJOR SKIN DISORDERS W/O MCC,0.888
597,597,09,MED,MALIGNANT BREAST DISORDERS W MCC,1.6026
598,598,09,MED,MALIGNANT BREAST DISORDERS W CC,1.228
599,599,09,MED,MALIGNANT BREAST DISORDERS W/O CC/MCC,0.665
600,600,09,MED,NON-MALIGNANT BREAST DISORDERS W CC/MCC,0.9968
601,601,09,MED,NON-MALIGNANT BREAST DISORDERS W/O CC/MCC,0.6247
602,602,09,MED,CELLULITIS W MCC,1.4883
603,603,09,MED,CELLULITIS W/O MCC,0.8392
604,604,09,MED,"TRAUMA TO THE SKIN, SUBCUT TISS & BREAST W MCC",1.3297
605,605,09,MED,"TRAUMA TO THE SKIN, SUBCUT TISS & BREAST W/O MCC",0.7552
606,606,09,MED,MINOR SKIN DISORDERS W MCC,1.3936
607,607,09,MED,MINOR SKIN DISORDERS W/O MCC,0.6892
614,614,10,SURG,ADRENAL & PITUITARY PROCEDURES W CC/MCC,2.3998
615,615,10,SURG,ADRENAL & PITUITARY PROCEDURES W/O CC/MCC,1.4036
616,616,10,SURG,"AMPUTAT OF LOWER LIMB FOR ENDOCRINE,NUTRIT,& METABOL DIS W MCC",4.3525
617,617,10,SURG,"AMPUTAT OF LOWER LIMB FOR ENDOCRINE,NUTRIT,& METABOL DIS W CC",1.9716
618,618,10,SURG,"AMPUTAT OF LOWER LIMB FOR ENDOCRINE,NUTRIT,& METABOL DIS W/O CC/MCC",1.1287
619,619,10,SURG,O.R. PROCEDURES FOR OBESITY W MCC,3.4876
620,620,10,SURG,O.R. PROCEDURES FOR OBESITY W CC,1.8601
621,621,10,SURG,O.R. PROCEDURES FOR OBESITY W/O CC/MCC,1.5026
622,622,10,SURG,"SKIN GRAFTS & WOUND DEBRID FOR ENDOC, NUTRIT & METAB DIS W MCC",3.5668
623,623,10,SURG,"SKIN GRAFTS & WOUND DEBRID FOR ENDOC, NUTRIT & METAB DIS W CC",1.8221
624,624,10,SURG,"SKIN GRAFTS & WOUND DEBRID FOR ENDOC, NUTRIT & METAB DIS W/O CC/MCC",0.9662
625,625,10,SURG,"THYROID, PARATHYROID & THYROGLOSSAL PROCEDURES W MCC",2.3606
626,626,10,SURG,"THYROID, PARATHYROID & THYROGLOSSAL PROCEDURES W CC",1.2163
627,627,10,SURG,"THYROID, PARATHYROID & THYROGLOSSAL PROCEDURES W/O CC/MCC",0.8217
628,628,10,SURG,"OTHER ENDOCRINE, NUTRIT & METAB O.R. PROC W MCC",3.2936
629,629,10,SURG,"OTHER ENDOCRINE, NUTRIT & METAB O.R. PROC W CC",2.144
630,630,10,SURG,"OTHER ENDOCRINE, NUTRIT & METAB O.R. PROC W/O CC/MCC",1.2266
637,637,10,MED,DIABETES W MCC,1.407
638,638,10,MED,DIABETES W CC,0.8218
639,639,10,MED,DIABETES W/O CC/MCC,0.5558
640,640,10,MED,"MISC DISORDERS OF NUTRITION,METABOLISM,FLUIDS/ELECTROLYTES W MCC",1.1076
641,641,10,MED,"MISC DISORDERS OF NUTRITION,METABOLISM,FLUIDS/ELECTROLYTES W/O MCC",0.692
642,642,10,MED,INBORN AND OTHER DISORDERS OF METABOLISM,1.1233
643,643,10,MED,ENDOCRINE DISORDERS W MCC,1.7094
644,644,10,MED,ENDOCRINE DISORDERS W CC,1.0508
645,645,10,MED,ENDOCRINE DISORDERS W/O CC/MCC,0.7233
652,652,11,SURG,KIDNEY TRANSPLANT,3.0825
653,653,11,SURG,MAJOR BLADDER PROCEDURES W MCC,6.1649
654,654,11,SURG,MAJOR BLADDER PROCEDURES W CC,3.1279
655,655,11,SURG,MAJOR BLADDER PROCEDURES W/O CC/MCC,2.0913
656,656,11,SURG,KIDNEY & URETER PROCEDURES FOR NEOPLASM W MCC,3.5136
657,657,11,SURG,KIDNEY & URETER PROCEDURES FOR NEOPLASM W CC,1.9904
658,658,11,SURG,KIDNEY & URETER PROCEDURES FOR NEOPLASM W/O CC/MCC,1.4836
659,659,11,SURG,KIDNEY & URETER PROCEDURES FOR NON-NEOPLASM W MCC,3.5192
660,660,11,SURG,KIDNEY & URETER PROCEDURES FOR NON-NEOPLASM W CC,1.8829
661,661,11,SURG,KIDNEY & URETER PROCEDURES FOR NON-NEOPLASM W/O CC/MCC,1.3335
662,662,11,SURG,MINOR BLADDER PROCEDURES W MCC,2.9941
663,663,11,SURG,MINOR BLADDER PROCEDURES W CC,1.5295
664,664,11,SURG,MINOR BLADDER PROCEDURES W/O CC/MCC,1.126
665,665,11,SURG,PROSTATECTOMY W MCC,3.0737
666,666,11,SURG,PROSTATECTOMY W CC,1.6602
667,667,11,SURG,PROSTATECTOMY W/O CC/MCC,0.876
668,668,11,SURG,TRANSURETHRAL PROCEDURES W MCC,2.4731
669,669,11,SURG,TRANSURETHRAL PROCEDURES W CC,1.3015
670,670,11,SURG,TRANSURETHRAL PROCEDURES W/O CC/MCC,0.8326
671,671,11,SURG,URETHRAL PROCEDURES W CC/MCC,1.4513
672,672,11,SURG,URETHRAL PROCEDURES W/O CC/MCC,0.8383
673,673,11,SURG,OTHER KIDNEY & URINARY TRACT PROCEDURES W MCC,3.0591
674,674,11,SURG,OTHER KIDNEY & URINARY TRACT PROCEDURES W CC,2.1887
675,675,11,SURG,OTHER KIDNEY & URINARY TRACT PROCEDURES W/O CC/MCC,1.3558
682,682,11,MED,RENAL FAILURE W MCC,1.5862
683,683,11,MED,RENAL FAILURE W CC,0.9958
684,684,11,MED,RENAL FAILURE W/O CC/MCC,0.6432
685,685,11,MED,ADMIT FOR RENAL DIALYSIS,0.8899
686,686,11,MED,KIDNEY & URINARY TRACT NEOPLASMS W MCC,1.6823
687,687,11,MED,KIDNEY & URINARY TRACT NEOPLASMS W CC,1.0499
688,688,11,MED,KIDNEY & URINARY TRACT NEOPLASMS W/O CC/MCC,0.6805
689,689,11,MED,KIDNEY & URINARY TRACT INFECTIONS W MCC,1.1784
690,690,11,MED,KIDNEY & URINARY TRACT INFECTIONS W/O MCC,0.781
691,691,11,MED,URINARY STONES W ESW LITHOTRIPSY W CC/MCC,1.5632
692,692,11,MED,URINARY STONES W ESW LITHOTRIPSY W/O CC/MCC,1.0563
693,693,11,MED,URINARY STONES W/O ESW LITHOTRIPSY W MCC,1.4169
694,694,11,MED,URINARY STONES W/O ESW LITHOTRIPSY W/O MCC,0.7017
695,695,11,MED,KIDNEY & URINARY TRACT SIGNS & SYMPTOMS W MCC,1.2944
696,696,11,MED,KIDNEY & URINARY TRACT SIGNS & SYMPTOMS W/O MCC,0.6639
697,697,11,MED,URETHRAL STRICTURE,0.8246
698,698,11,MED,OTHER KIDNEY & URINARY TRACT DIAGNOSES W MCC,1.5995
699,699,11,MED,OTHER KIDNEY & URINARY TRACT DIAGNOSES W CC,0.9998
700,700,11,MED,OTHER KIDNEY & URINARY TRACT DIAGNOSES W/O CC/MCC,0.6854
707,707,12,SURG,MAJOR MALE PELVIC PROCEDURES W CC/MCC,1.8134
708,708,12,SURG,MAJOR MALE PELVIC PROCEDURES W/O CC/MCC,1.2936
709,709,12,SURG,PENIS PROCEDURES W CC/MCC,2.0087
710,710,12,SURG,PENIS PROCEDURES W/O CC/MCC,1.2991
711,711,12,SURG,TESTES PROCEDURES W CC/MCC,1.9631
712,712,12,SURG,TESTES PROCEDURES W/O CC/MCC,0.8418
713,713,12,SURG,TRANSURETHRAL PROSTATECTOMY W CC/MCC,1.3234
714,714,12,SURG,TRANSURETHRAL PROSTATECTOMY W/O CC/MCC,0.6983
715,715,12,SURG,OTHER MALE REPRODUCTIVE SYSTEM O.R. PROC FOR MALIGNANCY W CC/MCC,1.9149
716,716,12,SURG,OTHER MALE REPRODUCTIVE SYSTEM O.R. PROC FOR MALIGNANCY W/O CC/MCC,0.9656
717,717,12,SURG,OTHER MALE REPRODUCTIVE SYSTEM O.R. PROC EXC MALIGNANCY W CC/MCC,1.7261
718,718,12,SURG,OTHER MALE REPRODUCTIVE SYSTEM O.R. PROC EXC MALIGNANCY W/O CC/MCC,0.8657
722,722,12,MED,"MALIGNANCY, MALE REPRODUCTIVE SYSTEM W MCC",1.669
723,723,12,MED,"MALIGNANCY, MALE REPRODUCTIVE SYSTEM W CC",1.1066
724,724,12,MED,"MALIGNANCY, MALE REPRODUCTIVE SYSTEM W/O CC/MCC",0.6509
725,725,12,MED,BENIGN PROSTATIC HYPERTROPHY W MCC,1.2976
726,726,12,MED,BENIGN PROSTATIC HYPERTROPHY W/O MCC,0.7085
727,727,12,MED,INFLAMMATION OF THE MALE REPRODUCTIVE SYSTEM W MCC,1.4014
728,728,12,MED,INFLAMMATION OF THE MALE REPRODUCTIVE SYSTEM W/O MCC,0.7721
729,729,12,MED,OTHER MALE REPRODUCTIVE SYSTEM DIAGNOSES W CC/MCC,1.0357
730,730,12,MED,OTHER MALE REPRODUCTIVE SYSTEM DIAGNOSES W/O CC/MCC,0.6113
734,734,13,SURG,"PELVIC EVISCERATION, RAD HYSTERECTOMY & RAD VULVECTOMY W CC/MCC",2.6652
735,735,13,SURG,"PELVIC EVISCERATION, RAD HYSTERECTOMY & RAD VULVECTOMY W/O CC/MCC",1.1682
736,736,13,SURG,UTERINE & ADNEXA PROC FOR OVARIAN OR ADNEXAL MALIGNANCY W MCC,4.414
737,737,13,SURG,UTERINE & ADNEXA PROC FOR OVARIAN OR ADNEXAL MALIGNANCY W CC,2.0049
738,738,13,SURG,UTERINE & ADNEXA PROC FOR OVARIAN OR ADNEXAL MALIGNANCY W/O CC/MCC,1.2853
739,739,13,SURG,"UTERINE,ADNEXA PROC FOR NON-OVARIAN/ADNEXAL MALIG W MCC",3.3219
740,740,13,SURG,"UTERINE,ADNEXA PROC FOR NON-OVARIAN/ADNEXAL MALIG W CC",1.5688
741,741,13,SURG,"UTERINE,ADNEXA PROC FOR NON-OVARIAN/ADNEXAL MALIG W/O CC/MCC",1.1499
742,742,13,SURG,UTERINE & ADNEXA PROC FOR NON-MALIGNANCY W CC/MCC,1.4157
743,743,13,SURG,UTERINE & ADNEXA PROC FOR NON-MALIGNANCY W/O CC/MCC,0.9653
744,744,13,SURG,"D&C, CONIZATION, LAPAROSCOPY & TUBAL INTERRUPTION W CC/MCC",1.5573
745,745,13,SURG,"D&C, CONIZATION, LAPAROSCOPY & TUBAL INTERRUPTION W/O CC/MCC",0.8109
746,746,13,SURG,"VAGINA, CERVIX & VULVA PROCEDURES W CC/MCC",1.385
747,747,13,SURG,"VAGINA, CERVIX & VULVA PROCEDURES W/O CC/MCC",0.8818
748,748,13,SURG,FEMALE REPRODUCTIVE SYSTEM RECONSTRUCTIVE PROCEDURES,0.9773
749,749,13,SURG,OTHER FEMALE REPRODUCTIVE SYSTEM O.R. PROCEDURES W CC/MCC,2.5755
750,750,13,SURG,OTHER FEMALE REPRODUCTIVE SYSTEM O.R. PROCEDURES W/O CC/MCC,1.0675
754,754,13,MED,"MALIGNANCY, FEMALE REPRODUCTIVE SYSTEM W MCC",1.9833
755,755,13,MED,"MALIGNANCY, FEMALE REPRODUCTIVE SYSTEM W CC",1.099
756,756,13,MED,"MALIGNANCY, FEMALE REPRODUCTIVE SYSTEM W/O CC/MCC",0.5777
757,757,13,MED,"INFECTIONS, FEMALE REPRODUCTIVE SYSTEM W MCC",1.6945
758,758,13,MED,"INFECTIONS, FEMALE REPRODUCTIVE SYSTEM W CC",1.079
759,759,13,MED,"INFECTIONS, FEMALE REPRODUCTIVE SYSTEM W/O CC/MCC",0.7173
760,760,13,MED,MENSTRUAL & OTHER FEMALE REPRODUCTIVE SYSTEM DISORDERS W CC/MCC,0.8062
761,761,13,MED,MENSTRUAL & OTHER FEMALE REPRODUCTIVE SYSTEM DISORDERS W/O CC/MCC,0.4951
765,765,14,SURG,CESAREAN SECTION W CC/MCC,1.2194
766,766,14,SURG,CESAREAN SECTION W/O CC/MCC,0.8586
767,767,14,SURG,VAGINAL DELIVERY W STERILIZATION &/OR D&C,0.9225
768,768,14,SURG,VAGINAL DELIVERY W O.R. PROC EXCEPT STERIL &/OR D&C,1.8304
769,769,14,SURG,POSTPARTUM & POST ABORTION DIAGNOSES W O.R. PROCEDURE,1.4668
770,770,14,SURG,"ABORTION W D&C, ASPIRATION CURETTAGE OR HYSTEROTOMY",0.6489
774,774,14,MED,VAGINAL DELIVERY W COMPLICATING DIAGNOSES,0.7217
775,775,14,MED,VAGINAL DELIVERY W/O COMPLICATING DIAGNOSES,0.5755
776,776,14,MED,POSTPARTUM & POST ABORTION DIAGNOSES W/O O.R. PROCEDURE,0.6565
777,777,14,MED,ECTOPIC PREGNANCY,0.8777
778,778,14,MED,THREATENED ABORTION,0.5049
779,779,14,MED,ABORTION W/O D&C,0.4962
780,780,14,MED,FALSE LABOR,0.1896
781,781,14,MED,OTHER ANTEPARTUM DIAGNOSES W MEDICAL COMPLICATIONS,0.6687
782,782,14,MED,OTHER ANTEPARTUM DIAGNOSES W/O MEDICAL COMPLICATIONS,0.405
789,789,15,MED,"NEONATES, DIED OR TRANSFERRED TO ANOTHER ACUTE CARE FACILITY",1.5035
790,790,15,MED,"EXTREME IMMATURITY OR RESPIRATORY DISTRESS SYNDROME, NEONATE",4.9579
791,791,15,MED,PREMATURITY W MAJOR PROBLEMS,3.3861
792,792,15,MED,PREMATURITY W/O MAJOR PROBLEMS,2.0431
793,793,15,MED,FULL TERM NEONATE W MAJOR PROBLEMS,3.4783
794,794,15,MED,NEONATE W OTHER SIGNIFICANT PROBLEMS,1.2311
795,795,15,MED,NORMAL NEWBORN,0.1667
799,799,16,SURG,SPLENECTOMY W MCC,5.1496
800,800,16,SURG,SPLENECTOMY W CC,2.6372
801,801,16,SURG,SPLENECTOMY W/O CC/MCC,1.5736
802,802,16,SURG,OTHER O.R. PROC OF THE BLOOD & BLOOD FORMING ORGANS W MCC,3.6452
803,803,16,SURG,OTHER O.R. PROC OF THE BLOOD & BLOOD FORMING ORGANS W CC,1.7576
804,804,16,SURG,OTHER O.R. PROC OF THE BLOOD & BLOOD FORMING ORGANS W/O CC/MCC,1.1211
808,808,16,MED,MAJOR HEMATOL/IMMUN DIAG EXC SICKLE CELL CRISIS & COAGUL W MCC,2.0902
809,809,16,MED,MAJOR HEMATOL/IMMUN DIAG EXC SICKLE CELL CRISIS & COAGUL W CC,1.1767
810,810,16,MED,MAJOR HEMATOL/IMMUN DIAG EXC SICKLE CELL CRISIS & COAGUL W/O CC/MCC,0.849
811,811,16,MED,RED BLOOD CELL DISORDERS W MCC,1.2556
812,812,16,MED,RED BLOOD CELL DISORDERS W/O MCC,0.7872
813,813,16,MED,COAGULATION DISORDERS,1.5841
814,814,16,MED,RETICULOENDOTHELIAL & IMMUNITY DISORDERS W MCC,1.6794
815,815,16,MED,RETICULOENDOTHELIAL & IMMUNITY DISORDERS W CC,1.0102
816,816,16,MED,RETICULOENDOTHELIAL & IMMUNITY DISORDERS W/O CC/MCC,0.6918
820,820,17,SURG,LYMPHOMA & LEUKEMIA W MAJOR O.R. PROCEDURE W MCC,5.7228
821,821,17,SURG,LYMPHOMA & LEUKEMIA W MAJOR O.R. PROCEDURE W CC,2.3066
822,822,17,SURG,LYMPHOMA & LEUKEMIA W MAJOR O.R. PROCEDURE W/O CC/MCC,1.1935
823,823,17,SURG,LYMPHOMA & NON-ACUTE LEUKEMIA W OTHER O.R. PROC W MCC,4.5397
824,824,17,SURG,LYMPHOMA & NON-ACUTE LEUKEMIA W OTHER O.R. PROC W CC,2.2603
825,825,17,SURG,LYMPHOMA & NON-ACUTE LEUKEMIA W OTHER O.R. PROC W/O CC/MCC,1.2712
826,826,17,SURG,MYELOPROLIF DISORD OR POORLY DIFF NEOPL W MAJ O.R. PROC W MCC,4.868
827,827,17,SURG,MYELOPROLIF DISORD OR POORLY DIFF NEOPL W MAJ O.R. PROC W CC,2.1765
828,828,17,SURG,MYELOPROLIF DISORD OR POORLY DIFF NEOPL W MAJ O.R. PROC W/O CC/MCC,1.3409
829,829,17,SURG,MYELOPROLIF DISORD OR POORLY DIFF NEOPL W OTHER O.R. PROC W CC/MCC,3.0335
830,830,17,SURG,MYELOPROLIF DISORD OR POORLY DIFF NEOPL W OTHER O.R. PROC W/O CC/MCC,1.1804
834,834,17,MED,ACUTE LEUKEMIA W/O MAJOR O.R. PROCEDURE W MCC,5.1622
835,835,17,MED,ACUTE LEUKEMIA W/O MAJOR O.R. PROCEDURE W CC,2.2133
836,836,17,MED,ACUTE LEUKEMIA W/O MAJOR O.R. PROCEDURE W/O CC/MCC,1.0992
837,837,17,MED,CHEMO W ACUTE LEUKEMIA AS SDX OR W HIGH DOSE CHEMO AGENT W MCC,6.4881
838,838,17,MED,CHEMO W ACUTE LEUKEMIA AS SDX W CC OR HIGH DOSE CHEMO AGENT,2.7537
839,839,17,MED,CHEMO W ACUTE LEUKEMIA AS SDX W/O CC/MCC,1.2412
840,840,17,MED,LYMPHOMA & NON-ACUTE LEUKEMIA W MCC,3.0103
841,841,17,MED,LYMPHOMA & NON-ACUTE LEUKEMIA W CC,1.6192
842,842,17,MED,LYMPHOMA & NON-ACUTE LEUKEMIA W/O CC/MCC,1.045
843,843,17,MED,OTHER MYELOPROLIF DIS OR POORLY DIFF NEOPL DIAG W MCC,1.8719
844,844,17,MED,OTHER MYELOPROLIF DIS OR POORLY DIFF NEOPL DIAG W CC,1.2216
845,845,17,MED,OTHER MYELOPROLIF DIS OR POORLY DIFF NEOPL DIAG W/O CC/MCC,0.8612
846,846,17,MED,CHEMOTHERAPY W/O ACUTE LEUKEMIA AS SECONDARY DIAGNOSIS W MCC,2.4374
847,847,17,MED,CHEMOTHERAPY W/O ACUTE LEUKEMIA AS SECONDARY DIAGNOSIS W CC,1.0447
848,848,17,MED,CHEMOTHERAPY W/O ACUTE LEUKEMIA AS SECONDARY DIAGNOSIS W/O CC/MCC,0.7878
849,849,17,MED,RADIOTHERAPY,1.3396
853,853,18,SURG,INFECTIOUS & PARASITIC DISEASES W O.R. PROCEDURE W MCC,5.3431
854,854,18,SURG,INFECTIOUS & PARASITIC DISEASES W O.R. PROCEDURE W CC,2.5583
855,855,18,SURG,INFECTIOUS & PARASITIC DISEASES W O.R. PROCEDURE W/O CC/MCC,1.5331
856,856,18,SURG,POSTOPERATIVE OR POST-TRAUMATIC INFECTIONS W O.R. PROC W MCC,4.8125
857,857,18,SURG,POSTOPERATIVE OR POST-TRAUMATIC INFECTIONS W O.R. PROC W CC,2.0649
858,858,18,SURG,POSTOPERATIVE OR POST-TRAUMATIC INFECTIONS W O.R. PROC W/O CC/MCC,1.2534
862,862,18,MED,POSTOPERATIVE & POST-TRAUMATIC INFECTIONS W MCC,2.0099
863,863,18,MED,POSTOPERATIVE & POST-TRAUMATIC INFECTIONS W/O MCC,0.9822
864,864,18,MED,FEVER,0.8443
865,865,18,MED,VIRAL ILLNESS W MCC,1.5181
866,866,18,MED,VIRAL ILLNESS W/O MCC,0.7594
867,867,18,MED,OTHER INFECTIOUS & PARASITIC DISEASES DIAGNOSES W MCC,2.5861
868,868,18,MED,OTHER INFECTIOUS & PARASITIC DISEASES DIAGNOSES W CC,1.0762
869,869,18,MED,OTHER INFECTIOUS & PARASITIC DISEASES DIAGNOSES W/O CC/MCC,0.7415
870,870,18,MED,SEPTICEMIA OR SEVERE SEPSIS W MV 96+ HOURS,5.8399
871,871,18,MED,SEPTICEMIA OR SEVERE SEPSIS W/O MV 96+ HOURS W MCC,1.8803
872,872,18,MED,SEPTICEMIA OR SEVERE SEPSIS W/O MV 96+ HOURS W/O MCC,1.0988
876,876,19,SURG,O.R. PROCEDURE W PRINCIPAL DIAGNOSES OF MENTAL ILLNESS,2.7097
880,880,19,MED,ACUTE ADJUSTMENT REACTION & PSYCHOSOCIAL DYSFUNCTION,0.6474
881,881,19,MED,DEPRESSIVE NEUROSES,0.6356
882,882,19,MED,NEUROSES EXCEPT DEPRESSIVE,0.6271
883,883,19,MED,DISORDERS OF PERSONALITY & IMPULSE CONTROL,1.3613
884,884,19,MED,ORGANIC DISTURBANCES & MENTAL RETARDATION,0.985
885,885,19,MED,PSYCHOSES,0.9539
886,886,19,MED,BEHAVIORAL & DEVELOPMENTAL DISORDERS,0.7812
887,887,19,MED,OTHER MENTAL DISORDER DIAGNOSES,0.9473
894,894,20,MED,"ALCOHOL/DRUG ABUSE OR DEPENDENCE, LEFT AMA",0.4278
895,895,20,MED,ALCOHOL/DRUG ABUSE OR DEPENDENCE W REHABILITATION THERAPY,1.0963
896,896,20,MED,ALCOHOL/DRUG ABUSE OR DEPENDENCE W/O REHABILITATION THERAPY W MCC,1.5271
897,897,20,MED,ALCOHOL/DRUG ABUSE OR DEPENDENCE W/O REHABILITATION THERAPY W/O MCC,0.6788
901,901,21,SURG,WOUND DEBRIDEMENTS FOR INJURIES W MCC,4.3477
902,902,21,SURG,WOUND DEBRIDEMENTS FOR INJURIES W CC,1.7079
903,903,21,SURG,WOUND DEBRIDEMENTS FOR INJURIES W/O CC/MCC,0.989
904,904,21,SURG,SKIN GRAFTS FOR INJURIES W CC/MCC,2.9145
905,905,21,SURG,SKIN GRAFTS FOR INJURIES W/O CC/MCC,1.263
906,906,21,SURG,HAND PROCEDURES FOR INJURIES,1.1596
907,907,21,SURG,OTHER O.R. PROCEDURES FOR INJURIES W MCC,3.8565
908,908,21,SURG,OTHER O.R. PROCEDURES FOR INJURIES W CC,1.9519
909,909,21,SURG,OTHER O.R. PROCEDURES FOR INJURIES W/O CC/MCC,1.2051
913,913,21,MED,TRAUMATIC INJURY W MCC,1.2273
914,914,21,MED,TRAUMATIC INJURY W/O MCC,0.6998
915,915,21,MED,ALLERGIC REACTIONS W MCC,1.5168
916,916,21,MED,ALLERGIC REACTIONS W/O MCC,0.5042
917,917,21,MED,POISONING & TOXIC EFFECTS OF DRUGS W MCC,1.4542
918,918,21,MED,POISONING & TOXIC EFFECTS OF DRUGS W/O MCC,0.6304
919,919,21,MED,COMPLICATIONS OF TREATMENT W MCC,1.6615
920,920,21,MED,COMPLICATIONS OF TREATMENT W CC,0.9693
921,921,21,MED,COMPLICATIONS OF TREATMENT W/O CC/MCC,0.6637
922,922,21,MED,"OTHER INJURY, POISONING & TOXIC EFFECT DIAG W MCC",1.4305
923,923,21,MED,"OTHER INJURY, POISONING & TOXIC EFFECT DIAG W/O MCC",0.6438
927,927,22,SURG,EXTENSIVE BURNS OR FULL THICKNESS BURNS W MV 96+ HRS W SKIN GRAFT,16.4026
928,928,22,SURG,FULL THICKNESS BURN W SKIN GRAFT OR INHAL INJ W CC/MCC,4.7919
929,929,22,SURG,FULL THICKNESS BURN W SKIN GRAFT OR INHAL INJ W/O CC/MCC,2.242
933,933,22,MED,EXTENSIVE BURNS OR FULL THICKNESS BURNS W MV 96+ HRS W/O SKIN GRAFT,2.374
934,934,22,MED,FULL THICKNESS BURN W/O SKIN GRFT OR INHAL INJ,1.5123
935,935,22,MED,NON-EXTENSIVE BURNS,1.341
939,939,23,SURG,O.R. PROC W DIAGNOSES OF OTHER CONTACT W HEALTH SERVICES W MCC,2.7769
940,940,23,SURG,O.R. PROC W DIAGNOSES OF OTHER CONTACT W HEALTH SERVICES W CC,1.8108
941,941,23,SURG,O.R. PROC W DIAGNOSES OF OTHER CONTACT W HEALTH SERVICES W/O CC/MCC,1.1776
945,945,23,MED,REHABILITATION W CC/MCC,1.3204
946,946,23,MED,REHABILITATION W/O CC/MCC,1.253
947,947,23,MED,SIGNS & SYMPTOMS W MCC,1.1131
948,948,23,MED,SIGNS & SYMPTOMS W/O MCC,0.701
949,949,23,MED,AFTERCARE W CC/MCC,0.9372
950,950,23,MED,AFTERCARE W/O CC/MCC,0.5693
951,951,23,MED,OTHER FACTORS INFLUENCING HEALTH STATUS,0.8105
955,955,24,SURG,CRANIOTOMY FOR MULTIPLE SIGNIFICANT TRAUMA,5.417
956,956,24,SURG,"LIMB REATTACHMENT, HIP & FEMUR PROC FOR MULTIPLE SIGNIFICANT TRAUMA",3.6372
957,957,24,SURG,OTHER O.R. PROCEDURES FOR MULTIPLE SIGNIFICANT TRAUMA W MCC,6.4182
958,958,24,SURG,OTHER O.R. PROCEDURES FOR MULTIPLE SIGNIFICANT TRAUMA W CC,3.9004
959,959,24,SURG,OTHER O.R. PROCEDURES FOR MULTIPLE SIGNIFICANT TRAUMA W/O CC/MCC,2.5646
963,963,24,MED,OTHER MULTIPLE SIGNIFICANT TRAUMA W MCC,2.8483
964,964,24,MED,OTHER MULTIPLE SIGNIFICANT TRAUMA W CC,1.4975
965,965,24,MED,OTHER MULTIPLE SIGNIFICANT TRAUMA W/O CC/MCC,0.96
969,969,25,SURG,HIV W EXTENSIVE O.R. PROCEDURE W MCC,5.4815
970,970,25,SURG,HIV W EXTENSIVE O.R. PROCEDURE W/O MCC,2.6631
974,974,25,MED,HIV W MAJOR RELATED CONDITION W MCC,2.5943
975,975,25,MED,HIV W MAJOR RELATED CONDITION W CC,1.3142
976,976,25,MED,HIV W MAJOR RELATED CONDITION W/O CC/MCC,0.8416
977,977,25,MED,HIV W OR W/O OTHER RELATED CONDITION,1.0517
981,981,,SURG,EXTENSIVE O.R. PROCEDURE UNRELATED TO PRINCIPAL DIAGNOSIS W MCC,5.027
982,982,,SURG,EXTENSIVE O.R. PROCEDURE UNRELATED TO PRINCIPAL DIAGNOSIS W CC,2.8276
983,983,,SURG,EXTENSIVE O.R. PROCEDURE UNRELATED TO PRINCIPAL DIAGNOSIS W/O CC/MCC,1.7175
984,984,,SURG,PROSTATIC O.R. PROCEDURE UNRELATED TO PRINCIPAL DIAGNOSIS W MCC,3.6217
985,985,,SURG,PROSTATIC O.R. PROCEDURE UNRELATED TO PRINCIPAL DIAGNOSIS W CC,2.0895
986,986,,SURG,PROSTATIC O.R. PROCEDURE UNRELATED TO PRINCIPAL DIAGNOSIS W/O CC/MCC,1.071
987,987,,SURG,NON-EXTENSIVE O.R. PROC UNRELATED TO PRINCIPAL DIAGNOSIS W MCC,3.3374
988,988,,SURG,NON-EXTENSIVE O.R. PROC UNRELATED TO PRINCIPAL DIAGNOSIS W CC,1.8141
989,989,,SURG,NON-EXTENSIVE O.R. PROC UNRELATED TO PRINCIPAL DIAGNOSIS W/O CC/MCC,1.015
998,998,,**,PRINCIPAL DIAGNOSIS INVALID AS DISCHARGE DIAGNOSIS,0.0
999,999,,**,UNGROUPABLE,0.0
